{
    "Canada": 15418400.920000004, 
    "Turkmenistan": 67153.2, 
    "Lithuania": 281727493.52, 
    "Ethiopia": 6434102.16, 
    "Swaziland": 8273501.609999999, 
    "Argentina": 5013640.71, 
    "Bolivia": 10790564.34, 
    "Cameroon": 1802252.5, 
    "Burkina Faso": 10189145.42, 
    "Ghana": 18429965.93, 
    "Cape Verde": 1348700.0, 
    "Slovenia": 81090661.41999999, 
    "Guatemala": 3106540.0, 
    "Bosnia and Herzegovina": 27942178.339999992, 
    "Germany": 2099972884.5300033, 
    "Spain": 2120858798.3100004, 
    "Netherlands": 1125777560.2200005, 
    "Pakistan": 2134496.0, 
    "Tanzania": 31767807.7, 
    "Greenland": 43726244.0, 
    "Gabon": 725820.0, 
    "New Zealand": 58947.0, 
    "Yemen": 7025000.0, 
    "Jamaica": 17399380.0, 
    "Albania": 13346020.770000001, 
    "United Arab Emirates": 0.0, 
    "India": 13918752.19, 
    "Azerbaijan": 28616725.83, 
    "Kenya": 23413837.730000004, 
    "South Korea": 74957.87, 
    "Tajikistan": 7765934.5, 
    "Congo (Democratic Republic of)": 27909606.0, 
    "Turkey": 89778007.03999998, 
    "Afghanistan": 15296320.120000001, 
    "Bangladesh": 6730254.52, 
    "Turks and Caicos Islands": 102864.49, 
    "Mongolia": 1010.0, 
    "France": 3032499044.43, 
    "Bermuda": 233714.57, 
    "Slovakia": 39513884.64000001, 
    "Peru": 8210816.0, 
    "Laos": 88800.0, 
    "Norway": 150227563.9700001, 
    "Malawi": 17214965.53, 
    "Benin": 1060908.2, 
    "Cuba": 3600.0, 
    "Togo": 8157345.53, 
    "China": 9160542.269999998, 
    "Armenia": 52020325.5, 
    "Dominican Republic": 1726264.0, 
    "Ukraine": 113671538.24000001, 
    "Finland": 294782157.7400002, 
    "Macedonia (the former Yugoslav Republic of)": 2713834.3899999997, 
    "Indonesia": 185249043.3, 
    "Central African Republic": 36000.0, 
    "Mauritius": 72452000.0, 
    "Liechtenstein": 579976.2500000001, 
    "Belarus": 34166.9, 
    "Mali": 847839.5, 
    "Russia": 25320491.599999998, 
    "Bulgaria": 48583084.95999999, 
    "United States": 69301374.13000003, 
    "Romania": 104077228.31999998, 
    "Angola": 8692.76, 
    "Chad": 2995741.0, 
    "South Africa": 137015635.67, 
    "Cyprus": 41320636.36000001, 
    "Sweden": 425899568.1900001, 
    "Malaysia": 1856075.21, 
    "Austria": 580615358.1099998, 
    "Vietnam": 96729.75, 
    "Mozambique": 8450683.0, 
    "Uganda": 3741528.71, 
    "Hungary": 167190450.20999998, 
    "Niger": 918372.6, 
    "Brazil": 9031258.94, 
    "Panama": 160680.0, 
    "Guyana": 21465000.0, 
    "Costa Rica": 3762633.23, 
    "Luxembourg": 476465323.57000005, 
    "Ireland": 340555534.8800001, 
    "Nigeria": 2394242.75, 
    "Ecuador": 755700.0, 
    "Czech Republic": 164065932.85000005, 
    "Australia": 1472918.17, 
    "Iran": 351088.0, 
    "Algeria": 132585.34, 
    "El Salvador": 32600000.0, 
    "Serbia (Republic of)": 30173307.82, 
    "Chile": 3173593.99, 
    "Belgium": 2025490103.9399984, 
    "Thailand": 5874948.11, 
    "Haiti": 7300000.0, 
    "Hong Kong": 561905.82, 
    "Occupied Territories - Palestine": 243749093.87, 
    "Georgia": 43227840.7, 
    "Montenegro (Republic of)": 3512785.6799999997, 
    "Denmark": 793000291.0600001, 
    "Philippines": 217845.97, 
    "Moldova": 135191987.16, 
    "Morocco": 248790932.69, 
    "Croatia": 32958002.880000003, 
    "Guinea-Bissau": 7500000.0, 
    "Switzerland": 419201435.5, 
    "Seychelles": 7355000.0, 
    "Portugal": 272627304.08000016, 
    "Estonia": 135898106.60000005, 
    "Lebanon": 3156800.3800000004, 
    "Uzbekistan": 122639.73, 
    "Tunisia": 2909301.2100000004, 
    "Rwanda": 18328060.0, 
    "Colombia": 13383873.950000001, 
    "Taiwan": 3012.04, 
    "Fiji": 1773039.5, 
    "Madagascar": 1355923.0, 
    "Italy": 1571346305.9099994, 
    "Sudan": 3713904.59, 
    "Nepal": 37170977.0, 
    "Malta": 39400500.69, 
    "Suriname": 132200.0, 
    "Netherlands Antilles": 153293.0, 
    "Israel": 122828711.60999997, 
    "Iceland": 7467412.430000002, 
    "Senegal": 1654911.6, 
    "Papua New Guinea": 3002908.95, 
    "Zimbabwe": 9810607.0, 
    "Jordan": 106454524.0, 
    "Kazakhstan": 2114316.95, 
    "Poland": 649192280.0199999, 
    "Mauritania": 74537105.0, 
    "Kyrgyzstan": 9101168.5, 
    "New Caledonia": 2757286.0, 
    "Trinidad and Tobago": 10414000.0, 
    "Latvia": 75732895.77000001, 
    "Japan": 7361997.170000001, 
    "Syria": 3820969.4, 
    "Honduras": 59386160.0, 
    "Mexico": 2659504.44, 
    "Egypt": 121685033.52000001, 
    "Nicaragua": 4582010.88, 
    "Singapore": 3059153.77, 
    "United Kingdom": 1547807490.9399986, 
    "Congo": 38228.68, 
    "Greece": 431580861.58, 
    "Sri Lanka": 320375.25, 
    "Namibia": 1520949.96, 
    "Botswana": 285969.0
}