{
    "Canada": 16848521.369999997, 
    "East Timor": 1270809.45, 
    "Lithuania": 168852269.35000002, 
    "Cambodia": 25967395.46, 
    "Ethiopia": 3003627.05, 
    "Swaziland": 760328.4, 
    "Argentina": 6338772.9399999995, 
    "Bolivia": 23485759.56, 
    "Cameroon": 9974837.25, 
    "Burkina Faso": 23500360.37, 
    "Ghana": 8167605.6899999995, 
    "Saudi Arabia": 700675.0, 
    "Commission Department": 197507.61, 
    "Cape Verde": 794324.67, 
    "Slovenia": 71009138.24999994, 
    "Guatemala": 10559419.110000001, 
    "Bosnia and Herzegovina": 20124965.32, 
    "Germany": 2385157247.3399987, 
    "Spain": 2023917595.8199959, 
    "Liberia": 279852.0, 
    "Maldives": 39975.0, 
    "Pakistan": 19682173.560000002, 
    "Oman": 100000.0, 
    "Tanzania": 15122953.0, 
    "Albania": 20053116.890000004, 
    "Gabon": 1504144.12, 
    "Monaco": 0.0, 
    "New Zealand": 79907.27, 
    "Yemen": 1083752.66, 
    "Jamaica": 21208458.24, 
    "Greenland": 44565896.11, 
    "United Arab Emirates": 135806.12, 
    "India": 23754329.290000003, 
    "Azerbaijan": 14570294.91, 
    "Lesotho": 152057.52, 
    "Kenya": 8454947.2, 
    "South Korea": 2614252.5100000002, 
    "Tajikistan": 18000000.0, 
    "Congo (Democratic Republic of)": 1782873.04, 
    "Turkey": 175488317.98, 
    "Afghanistan": 12583796.120000001, 
    "Bangladesh": 29046676.030000005, 
    "Mauritania": 76582506.15, 
    "Solomon Islands": 3837579.0, 
    "French Polynesia": 3574.22, 
    "France": 2137847465.0899963, 
    "Rwanda": 4064256.53, 
    "Slovakia": 50197723.65000004, 
    "Peru": 1309297.0, 
    "Laos": 269542.6, 
    "Nigeria": 2743995.4499999997, 
    "Seychelles": 5609346.1899999995, 
    "Norway": 166070603.79999983, 
    "Malawi": 5852595.640000001, 
    "Benin": 363000.0, 
    "Cuba": 474779.0, 
    "Saint Kitts and Nevis": 10300000.0, 
    "Togo": 596984.42, 
    "China": 26053200.03, 
    "Armenia": 22839789.64, 
    "Dominican Republic": 3234671.79, 
    "Ukraine": 179626921.97, 
    "Gambia (the)": 137200.0, 
    "Finland": 239557452.83000007, 
    "Macedonia (the former Yugoslav Republic of)": 2913017.1599999997, 
    "Indonesia": 6296725.680000001, 
    "Central African Republic": 100000.0, 
    "Mauritius": 556904.0, 
    "Liechtenstein": 855030.7699999999, 
    "Belarus": 1487860.0699999998, 
    "Mali": 4590479.0, 
    "Russia": 38892129.54000001, 
    "Bulgaria": 84598811.90000004, 
    "United States": 47677421.24000001, 
    "Romania": 98786809.57000005, 
    "Angola": 1357875.94, 
    "Chad": 532960.3300000001, 
    "South Africa": 131481793.89999999, 
    "Cyprus": 31267149.19, 
    "Sweden": 505238048.38999987, 
    "Qatar": 2250.0, 
    "Malaysia": 1568644.24, 
    "Austria": 644562990.8799999, 
    "Vietnam": 14317258.04, 
    "Mozambique": 1928764.0899999999, 
    "Uganda": 2807480.0, 
    "Hungary": 148844983.08000004, 
    "Niger": 361240.0, 
    "Brazil": 33521794.05, 
    "Panama": 1270044.0, 
    "Guyana": 19393458.2, 
    "Costa Rica": 7029479.05, 
    "Luxembourg": 716363015.309999, 
    "Gibraltar": 0.0, 
    "Ireland": 232452659.33000016, 
    "Faeroe Islands": 275284.03, 
    "Ecuador": 49923244.760000005, 
    "Czech Republic": 139394660.47999996, 
    "Australia": 5281758.680000002, 
    "Iran": 708728.0, 
    "Algeria": 22907684.6, 
    "El Salvador": 46569744.04000001, 
    "Serbia (Republic of)": 85079087.29999997, 
    "Chile": 6234651.319999999, 
    "Belgium": 2427467423.3500047, 
    "Kiribati": 859820.0, 
    "Haiti": 996036.23, 
    "Hong Kong": 32326.61, 
    "Sierra Leone": 579154.0, 
    "Occupied Territories - Palestine": 193508995.58999997, 
    "Georgia": 33205104.299999997, 
    "Montenegro (Republic of)": 4340487.42, 
    "Denmark": 671024279.2299994, 
    "Philippines": 37306985.92, 
    "Moldova": 42432462.480000004, 
    "Morocco": 48657497.360000014, 
    "Croatia": 35717460.25999998, 
    "Micronesia": 303569.15, 
    "Guinea-Bissau": 9758674.0, 
    "Thailand": 8473396.690000001, 
    "Switzerland": 499970153.0800011, 
    "Isle of Man": 9399.2, 
    "Portugal": 289008184.5800002, 
    "Estonia": 28284291.180000007, 
    "Uruguay": 3870965.38, 
    "Lebanon": 5552018.640000001, 
    "Uzbekistan": 607982.0, 
    "Tunisia": 262727822.6, 
    "Djibouti": 8175.86, 
    "Colombia": 10687058.0, 
    "Burundi": 827966.0, 
    "Taiwan": 16557.6, 
    "Fiji": 4424689.84, 
    "Barbados": 14670000.0, 
    "Madagascar": 1335814.0, 
    "Italy": 1603562334.6199985, 
    "Bhutan": 9485089.14, 
    "Sudan": 4414625.0, 
    "Nepal": 22045253.5, 
    "Malta": 16201225.239999998, 
    "Netherlands": 1074670673.2400002, 
    "Venezuela": 1989392.0, 
    "Israel": 176876400.01000002, 
    "Iceland": 25554986.43, 
    "Zambia": 1108089.4, 
    "Senegal": 8860605.38, 
    "Trinidad and Tobago": 16026000.0, 
    "Zimbabwe": 12546757.51, 
    "Jordan": 77747178.25, 
    "Vanuatu": 123034.0, 
    "Kazakhstan": 3255055.87, 
    "Poland": 296218048.92, 
    "Eritrea": 417094.03, 
    "Kyrgyzstan": 13548981.549999999, 
    "New Caledonia": 300000.0, 
    "Sri Lanka": 1761823.12, 
    "Latvia": 32426260.580000002, 
    "South Sudan": 135000.0, 
    "Sao Tome and Pr\u00edncipe": 682500.0, 
    "Japan": 8391580.65, 
    "Syria": 595239.2, 
    "Honduras": 3167672.61, 
    "Myanmar": 1190711.0, 
    "Mexico": 5546496.1, 
    "Egypt": 25519550.73, 
    "Nicaragua": 1459316.0, 
    "Singapore": 540908.0700000001, 
    "Botswana": 843532.0, 
    "United Kingdom": 2046126065.489982, 
    "Congo": 1826937.75, 
    "Ivory coast": 2654273.0, 
    "Greece": 414181953.33, 
    "Paraguay": 1381279.0, 
    "Namibia": 2559729.04, 
    "Comoros": 615250.0
}