{
    "Canada": 13139030.129999999, 
    "East Timor": 59166.659999999996, 
    "Lithuania": 116917992.13999993, 
    "Cambodia": 4058221.290000001, 
    "Switzerland": 199829326.18000007, 
    "Ethiopia": 2373111.159999999, 
    "Swaziland": 1252008.0899999999, 
    "Argentina": 7048955.759999999, 
    "Bolivia": 3346746.04, 
    "Cameroon": 5914469.1, 
    "Burkina Faso": 4647735.879999999, 
    "Ghana": 32152.199999999997, 
    "Saudi Arabia": 79984.33000000002, 
    "Commission Department": 376944.65, 
    "Cape Verde": 398862.00000000006, 
    "Slovenia": 40948909.86000001, 
    "Guatemala": 32759717.59, 
    "Bosnia and Herzegovina": 46833605.309999995, 
    "Germany": 1766235509.8200028, 
    "Dominica": 8987.0, 
    "Liberia": 83423.95, 
    "Maldives": 1100.0, 
    "Pakistan": 19703506.949999996, 
    "Tanzania": 7983716.2299999995, 
    "Mauritania": 76660068.98, 
    "Albania": 13172541.620000001, 
    "Gabon": 911034.34, 
    "Finland": 187181882.50000003, 
    "Monaco": 5666.4400000000005, 
    "New Zealand": 1398283.06, 
    "Yemen": 1769687.1099999999, 
    "Jamaica": 836740.0100000001, 
    "Greenland": 43124244.0, 
    "Samoa": 161231.1, 
    "Macau": 203869.27, 
    "United Arab Emirates": 10280.18, 
    "India": 107619608.07999998, 
    "Azerbaijan": 636738.25, 
    "Lesotho": 59102.32000000001, 
    "Saint Vincent and the Grenadines": 5000.0, 
    "Kenya": 3842525.2000000007, 
    "South Korea": 1463207.55, 
    "Tajikistan": 10540897.69, 
    "Congo (Democratic Republic of)": 4254814.430000001, 
    "Turkey": 170463746.4299999, 
    "Afghanistan": 19682307.630000003, 
    "Bangladesh": 28967763.330000002, 
    "Gambia (the)": 55364.19999999999, 
    "Solomon Islands": 748212.1100000001, 
    "French Polynesia": 3419.03, 
    "France": 2424563677.030005, 
    "Rwanda": 2257909.800000001, 
    "Slovakia": 35512055.23999995, 
    "Peru": 64025904.7, 
    "Laos": 12619001.410000006, 
    "Norway": 91718884.60000002, 
    "Malawi": 1678166.4900000002, 
    "Benin": 31610.429999999997, 
    "Cuba": 414512.06, 
    "Saint Kitts and Nevis": 8773000.0, 
    "Togo": 587117.31, 
    "China": 8421065.86, 
    "Armenia": 20781672.66, 
    "Dominican Republic": 329092.44, 
    "Mongolia": 97740.0, 
    "Ukraine": 8185543.500000001, 
    "Bahrain": 6000.0, 
    "Cayman Islands": 1387.86, 
    "Macedonia (the former Yugoslav Republic of)": 12150750.910000002, 
    "Indonesia": 4287277.050000001, 
    "Central African Republic": 493077.25, 
    "Mauritius": 35314789.87000001, 
    "Liechtenstein": 1188333.0, 
    "Belarus": 2983565.65, 
    "British Virgin Islands": 2432.9300000000003, 
    "Mali": 1158614.34, 
    "Russia": 12355065.849999998, 
    "Bulgaria": 108588197.40000005, 
    "United States": 151910948.33999997, 
    "Romania": 203960948.26999983, 
    "Angola": 670350.66, 
    "Chad": 886745.56, 
    "South Africa": 135021053.01999992, 
    "Cyprus": 74209207.39999998, 
    "Sweden": 346705860.6100001, 
    "Malaysia": 3059066.1799999997, 
    "Austria": 335495912.58999985, 
    "Vietnam": 44764541.85, 
    "Mozambique": 277401.26999999996, 
    "Uganda": 231510.84, 
    "Hungary": 103622543.72999993, 
    "Niger": 187313.52, 
    "Brazil": 8221767.400000002, 
    "Guinea": 1290600.9800000002, 
    "Panama": 287790.83, 
    "Guyana": 24642434.63, 
    "Costa Rica": 2232799.4799999995, 
    "Luxembourg": 620236111.4799995, 
    "Ireland": 163926347.07000014, 
    "Nigeria": 1760044.2700000003, 
    "Ecuador": 46105188.54000001, 
    "Czech Republic": 88154480.34999995, 
    "Australia": 3437842.6999999993, 
    "Iran": 300000.0, 
    "Algeria": 886470.1199999999, 
    "El Salvador": 26433944.459999993, 
    "Serbia (Republic of)": 125433672.72999997, 
    "Chile": 2865321.2400000007, 
    "Belgium": 1901987721.3700147, 
    "Kiribati": 859885.0, 
    "Haiti": 4974700.66, 
    "Hong Kong": 130772.09999999999, 
    "Sierra Leone": 1793728.73, 
    "Occupied Territories - Palestine": 163530332.92, 
    "Georgia": 135502874.47999993, 
    "Montenegro (Republic of)": 4148188.869999999, 
    "Denmark": 263541151.10999987, 
    "Philippines": 13478019.53, 
    "Moldova": 80864426.39999999, 
    "Morocco": 243429219.71, 
    "Croatia": 13627432.490000002, 
    "Micronesia": 160000.0, 
    "Guinea-Bissau": 8230240.250000001, 
    "Thailand": 2826379.07, 
    "Namibia": 175134.95999999996, 
    "Seychelles": 6634175.05, 
    "Portugal": 192500722.48000002, 
    "Estonia": 32021246.41, 
    "Uruguay": 2945793.2200000007, 
    "Lebanon": 5149769.69, 
    "Uzbekistan": 37500.0, 
    "Tunisia": 49836271.11999999, 
    "Djibouti": 373271.89, 
    "Antigua and Barbuda": 923.5, 
    "Spain": 1160427856.9100015, 
    "Colombia": 5319301.47, 
    "Burundi": 188906.86, 
    "Taiwan": 269174.4999999999, 
    "Fiji": 1653837.92, 
    "Barbados": 20605374.049999997, 
    "Madagascar": 1338731.23, 
    "Italy": 1180772697.2499938, 
    "Bhutan": 98562.5, 
    "Sudan": 1732492.44, 
    "Nepal": 8945140.650000002, 
    "Malta": 11043607.660000004, 
    "Netherlands": 545248071.8599998, 
    "Suriname": 38975.22, 
    "Venezuela": 3261179.8300000005, 
    "Netherlands Antilles": 133805.0, 
    "Israel": 97519467.68000002, 
    "Iceland": 8442638.04, 
    "Zambia": 5443341.72, 
    "Senegal": 982580.3000000002, 
    "Papua New Guinea": 711502.2399999999, 
    "Trinidad and Tobago": 9897659.940000005, 
    "Zimbabwe": 4503048.26, 
    "Jordan": 20972818.88, 
    "Vanuatu": 291233.7799999999, 
    "Martinique": 4970.0, 
    "Kazakhstan": 2234185.769999999, 
    "Poland": 255145833.9799999, 
    "Eritrea": 171379.68, 
    "Kyrgyzstan": 14608190.469999999, 
    "New Caledonia": 755728.65, 
    "Sri Lanka": 2903031.9299999997, 
    "Latvia": 33373609.79999999, 
    "Sao Tome and Pr\u00edncipe": 663000.0, 
    "Japan": 7800269.100000003, 
    "Syria": 1367981.69, 
    "Honduras": 2112918.139999999, 
    "Myanmar": 1181.0, 
    "Mexico": 696225.1299999999, 
    "Egypt": 99810969.63999999, 
    "Nicaragua": 5944227.829999999, 
    "Singapore": 450946.63999999996, 
    "Botswana": 261770.65999999995, 
    "United Kingdom": 1451539828.5200016, 
    "Congo": 1738631.17, 
    "Ivory coast": 1944683.91, 
    "Greece": 247799737.13000003, 
    "Paraguay": 53925051.93000001, 
    "French Guiana": 177500.0, 
    "Comoros": 391910.0
}