{
    "Canada": 73118910.69999999, 
    "East Timor": 1599785.18, 
    "Turkmenistan": 160746.1, 
    "Lithuania": 73572375.08, 
    "Cambodia": 7398992.7, 
    "Ethiopia": 1181226.72, 
    "Swaziland": 1600000.0, 
    "Argentina": 7970923.899999999, 
    "Bolivia": 44665905.95999999, 
    "Cameroon": 34376878.48, 
    "Burkina Faso": 4551820.0, 
    "Ghana": 17786915.78, 
    "Saudi Arabia": 0.0, 
    "Cape Verde": 5232621.279999999, 
    "Slovenia": 125619103.78, 
    "Guatemala": 3739397.9, 
    "Bosnia and Herzegovina": 99917607.78000003, 
    "Germany": 3921643850.400011, 
    "Spain": 2561906237.139991, 
    "Liberia": 600000.0, 
    "Maldives": 0.0, 
    "Pakistan": 29832056.459999997, 
    "Tanzania": 0.0, 
    "Albania": 28721862.580000002, 
    "Gabon": 800000.0, 
    "New Zealand": 6052297.699999999, 
    "Yemen": 16313136.159999998, 
    "Jamaica": 61776336.0, 
    "Greenland": 57434280.0, 
    "Samoa": 0.0, 
    "United Arab Emirates": 3999660.0000000005, 
    "India": 199767842.72, 
    "Azerbaijan": 57525084.97999999, 
    "Lesotho": 400000.0, 
    "Kenya": 26375301.459999997, 
    "South Korea": 1758439.44, 
    "Tajikistan": 643870.2, 
    "Congo (Democratic Republic of)": 12164534.52, 
    "Turkey": 113566405.77999999, 
    "Afghanistan": 20932435.94, 
    "Bangladesh": 35973002.49999999, 
    "Mauritania": 6413938.199999999, 
    "Solomon Islands": 456645.5, 
    "French Polynesia": 0.0, 
    "France": 3892785480.919994, 
    "Rwanda": 1696892.0, 
    "Slovakia": 114045275.02, 
    "Somalia": 1200000.0, 
    "Peru": 27088719.799999997, 
    "Laos": 1636000.0, 
    "Nigeria": 805279.14, 
    "Norway": 394067759.4599999, 
    "Malawi": 6345639.44, 
    "Benin": 0.0, 
    "Cuba": 847500.0, 
    "Saint Kitts and Nevis": 24650000.0, 
    "Togo": 2160183.9, 
    "China": 23193331.900000002, 
    "Armenia": 26693987.920000006, 
    "Dominican Republic": 11278168.84, 
    "Mongolia": 1498552.14, 
    "Ukraine": 26753776.68, 
    "Bahrain": 0.0, 
    "Tonga": 475000.0, 
    "Finland": 656278764.46, 
    "Libya": 1357038.88, 
    "Macedonia (the former Yugoslav Republic of)": 27612570.019999996, 
    "Indonesia": 186089179.4, 
    "Central African Republic": 206400.0, 
    "Mauritius": 66781397.92, 
    "Liechtenstein": 5592339.6, 
    "Belarus": 15506714.7, 
    "Mali": 6436407.34, 
    "Russia": 41060161.03999999, 
    "Bulgaria": 79658144.54000004, 
    "United States": 252112409.60000005, 
    "Romania": 101601336.62000005, 
    "Angola": 0.0, 
    "Chad": 3328361.4000000004, 
    "South Africa": 38580116.739999995, 
    "Cyprus": 73057134.66, 
    "Sweden": 1140884955.959999, 
    "Malaysia": 21989432.340000004, 
    "Austria": 805519863.6800005, 
    "Vietnam": 11347125.16, 
    "Mozambique": 0.0, 
    "Uganda": 4883167.46, 
    "Hungary": 246753818.04000005, 
    "Niger": 6710528.02, 
    "Isle of Man": 0.0, 
    "Brazil": 38007796.68, 
    "Panama": 0.0, 
    "Guyana": 47758444.0, 
    "Costa Rica": 25382016.0, 
    "Luxembourg": 652455855.3200009, 
    "Ireland": 419456068.20000035, 
    "Faeroe Islands": 60000.0, 
    "Ecuador": 15814339.320000002, 
    "Czech Republic": 179365130.60000005, 
    "Australia": 28707528.619999997, 
    "Iran": 395069.54, 
    "Algeria": 2964072.58, 
    "El Salvador": 9356497.239999998, 
    "Serbia (Republic of)": 138006427.35999998, 
    "Chile": 12620937.9, 
    "Belgium": 4016241424.6599936, 
    "Thailand": 7056887.26, 
    "Haiti": 10477786.880000003, 
    "Belize": 30000.0, 
    "Hong Kong": 487109.44, 
    "Occupied Territories - Palestine": 42096789.63999999, 
    "Georgia": 78717718.46000001, 
    "Montenegro (Republic of)": 32030903.580000006, 
    "Denmark": 851106306.3600005, 
    "Philippines": 15696175.74, 
    "Moldova": 163606697.68, 
    "Morocco": 328470997.22, 
    "Croatia": 118261082.26, 
    "Micronesia": 200000.0, 
    "Guinea-Bissau": 639026.0, 
    "Switzerland": 1024742301.3399987, 
    "Iraq": 3336326.54, 
    "Portugal": 428885511.59999996, 
    "Estonia": 97402995.62, 
    "Uruguay": 5823354.0, 
    "Lebanon": 18731093.82, 
    "Uzbekistan": 571642.06, 
    "Tunisia": 142873680.34000003, 
    "Colombia": 13228574.96, 
    "Burundi": 575704.0, 
    "Taiwan": 1200000.0, 
    "Fiji": 3128170.92, 
    "Barbados": 23912000.0, 
    "Madagascar": 7844843.98, 
    "Italy": 2936077623.920001, 
    "Bhutan": 7493944.0, 
    "Sudan": 4899968.0, 
    "Nepal": 62454578.0, 
    "Malta": 37565605.96000001, 
    "Netherlands": 1905012999.4799936, 
    "Venezuela": 4394797.4, 
    "Israel": 383261957.21999997, 
    "Iceland": 18687090.759999998, 
    "Senegal": 9538834.1, 
    "Papua New Guinea": 6039436.0, 
    "Trinidad and Tobago": 62288322.0, 
    "Zimbabwe": 24112000.0, 
    "Jordan": 118939508.99999999, 
    "Vanuatu": 0.0, 
    "Kazakhstan": 3113728.58, 
    "Poland": 400638993.24000025, 
    "Eritrea": 488528.0, 
    "Kyrgyzstan": 37014781.44, 
    "New Caledonia": 9222287.5, 
    "Sri Lanka": 1593604.0, 
    "Latvia": 92930310.05999999, 
    "South Sudan": 1624837.0, 
    "Japan": 25825838.120000005, 
    "Syria": 159323.0, 
    "Honduras": 54197920.0, 
    "Myanmar": 653665.36, 
    "Mexico": 16071923.540000001, 
    "Egypt": 86556116.92000002, 
    "Nicaragua": 10051604.54, 
    "Singapore": 3089352.0, 
    "Botswana": 781110.0, 
    "United Kingdom": 4016788609.480012, 
    "Congo": 9826675.260000002, 
    "Ivory coast": 23025730.419999998, 
    "Greece": 611034221.26, 
    "Paraguay": 2169992.0, 
    "Namibia": 4004938.0, 
    "Comoros": 1752310.0
}