{
    "Canada": 10175766.139999997, 
    "Turkmenistan": 129147.5, 
    "Lithuania": 91275867.06000017, 
    "Cambodia": 8796593.0, 
    "Switzerland": 321700085.1199999, 
    "Ethiopia": 20000.0, 
    "Swaziland": 333805.0, 
    "Argentina": 6360953.68, 
    "Bolivia": 49596023.0, 
    "Cameroon": 5379558.59, 
    "Burkina Faso": 1865433.5799999998, 
    "Commission Department": 20948508.64, 
    "Cape Verde": 385000.0, 
    "Slovenia": 57758104.77000001, 
    "Guatemala": 4954244.12, 
    "Bosnia and Herzegovina": 47302685.35, 
    "Germany": 1860432216.299999, 
    "Spain": 917304568.370001, 
    "Liberia": 9946.15, 
    "Netherlands": 708317108.3199995, 
    "Pakistan": 1149368.65, 
    "Tanzania": 9850.0, 
    "Albania": 11394540.999999998, 
    "French Guiana": 78003.0, 
    "Finland": 275547247.40999985, 
    "Monaco": 4840.0, 
    "New Zealand": 962195.1900000002, 
    "Yemen": 2118775.2199999997, 
    "Jamaica": 12494451.4, 
    "Greenland": 42608244.0, 
    "Samoa": 246010.27000000002, 
    "United Arab Emirates": 508.0, 
    "India": 71805159.65, 
    "Azerbaijan": 1954033.0, 
    "Lesotho": 100000.0, 
    "Kenya": 23908179.38, 
    "South Korea": 3621292.06, 
    "Tajikistan": 10354360.4, 
    "Congo (Democratic Republic of)": 3103305.1700000004, 
    "Turkey": 40844385.930000015, 
    "Afghanistan": 10403386.499999998, 
    "Bangladesh": 38702904.800000004, 
    "Mauritania": 86386282.78, 
    "Solomon Islands": 400000.0, 
    "France": 2293211704.1299973, 
    "Rwanda": 1659872.2599999998, 
    "Slovakia": 31194364.09, 
    "Peru": 2009735.2300000002, 
    "Laos": 4817122.0, 
    "Norway": 126219975.42, 
    "Malawi": 3492541.41, 
    "Benin": 876115.6699999999, 
    "Cuba": 15584.0, 
    "Saint Kitts and Nevis": 9777000.0, 
    "Togo": 508686.0, 
    "China": 18452503.7, 
    "Armenia": 18132750.18, 
    "Dominican Republic": 20000.0, 
    "Ukraine": 96738938.81000002, 
    "Cayman Islands": 4994.0, 
    "missing": 127463777.07999997, 
    "Macedonia (the former Yugoslav Republic of)": 10251615.309999999, 
    "Indonesia": 3425305.39, 
    "Central African Republic": 74957.8, 
    "Mauritius": 849212.19, 
    "Liechtenstein": 1070958.0, 
    "Belarus": 2397502.28, 
    "British Virgin Islands": 17960.0, 
    "Mali": 40375.5, 
    "Russia": 12800459.72, 
    "Bulgaria": 105469178.74000002, 
    "United States": 203967798.68000007, 
    "Romania": 210836169.51000002, 
    "Angola": 1454060.92, 
    "Chad": 266330.84, 
    "South Africa": 140235430.59, 
    "Cyprus": 30511603.01, 
    "Sweden": 416942388.4400002, 
    "Austria": 421123864.24000037, 
    "Vietnam": 557098.0900000001, 
    "Mozambique": 10429845.42, 
    "Uganda": 3443132.38, 
    "Hungary": 116031390.27999996, 
    "Niger": 4687.0, 
    "Brazil": 23820022.52, 
    "Guinea": 3600000.0, 
    "Panama": 14065.48, 
    "Guyana": 26425000.0, 
    "Costa Rica": 1006000.0, 
    "Luxembourg": 349686351.43, 
    "Gibraltar": 870000.0, 
    "Ireland": 128380906.68999995, 
    "Nigeria": 566178.8, 
    "Ecuador": 16929758.28, 
    "Czech Republic": 91109008.90000002, 
    "Australia": 3677621.8, 
    "Iran": 7004595.0, 
    "Algeria": 279538.09, 
    "El Salvador": 2551140.56, 
    "Serbia (Republic of)": 63954442.76000003, 
    "Chile": 2960325.0, 
    "Belgium": 1626560063.5999992, 
    "Kiribati": 626015.0, 
    "Haiti": 2301436.0999999996, 
    "Hong Kong": 846019.0, 
    "Sierra Leone": 3903613.62, 
    "Occupied Territories - Palestine": 96073799.85999998, 
    "Georgia": 37056587.6, 
    "Montenegro (Republic of)": 871791.15, 
    "Denmark": 287484126.0500001, 
    "Philippines": 1987596.73, 
    "Moldova": 23987371.22, 
    "Morocco": 227195997.89000002, 
    "Croatia": 10338016.35, 
    "Micronesia": 669000.0, 
    "Guinea-Bissau": 15571346.0, 
    "Thailand": 6542736.49, 
    "Namibia": 40000.0, 
    "Grenada": 9900.0, 
    "Seychelles": 6410740.0, 
    "Portugal": 194988424.02000004, 
    "Estonia": 26888076.189999983, 
    "Uruguay": 23792657.0, 
    "Lebanon": 37412141.830000006, 
    "Uzbekistan": 105690.0, 
    "Tunisia": 35015853.0, 
    "Colombia": 3459972.18, 
    "Burundi": 1546280.35, 
    "Taiwan": 1117384.0, 
    "Fiji": 526200.0, 
    "Barbados": 6500.0, 
    "Madagascar": 5244971.84, 
    "Italy": 1271381197.03, 
    "Bhutan": 5213.0, 
    "Sudan": 1080000.0, 
    "Nepal": 28292786.84, 
    "Malta": 11992907.579999998, 
    "Venezuela": 2776004.54, 
    "Netherlands Antilles": 200110.0, 
    "Israel": 169024310.53, 
    "R\u00e9union": 1524699.0, 
    "Iceland": 13018653.96, 
    "Zambia": 995476.0, 
    "Senegal": 93226.0, 
    "Papua New Guinea": 917141.0, 
    "Trinidad and Tobago": 5460000.0, 
    "Zimbabwe": 6955686.0, 
    "Jordan": 42984279.49999999, 
    "Vanuatu": 236645.0, 
    "Kazakhstan": 3200499.2900000005, 
    "Poland": 257137673.07999998, 
    "Eritrea": 475752.0, 
    "Kyrgyzstan": 1804342.6000000003, 
    "Sri Lanka": 5155836.130000001, 
    "Latvia": 30465169.079999987, 
    "Sao Tome and Pr\u00edncipe": 663000.0, 
    "Japan": 10956549.17, 
    "Syria": 323040.0, 
    "Honduras": 8800451.24, 
    "Mexico": 19098451.74, 
    "Egypt": 130183688.51, 
    "Nicaragua": 11604926.620000001, 
    "Singapore": 1273753.44, 
    "United Kingdom": 1588232803.3999999, 
    "Congo": 336358.0, 
    "Ivory coast": 1639270.0, 
    "Greece": 300741006.56000006, 
    "Paraguay": 1789680.39, 
    "Gabon": 860000.0, 
    "Comoros": 390000.0
}