{"Canada": 9125257.02, "Turkmenistan": 36556.0, "Lithuania": 64362570.61, "Cambodia": 34427758.0, "Switzerland": 196712133.10999998, "Ethiopia": 5793575.85, "Argentina": 2434270.25, "Bolivia": 2519315.0, "Cameroon": 12115522.31, "Burkina Faso": 2103174.0, "Ghana": 62484.17, "Commission Department": 289660608.3899999, "Cape Verde": 1041614.57, "Slovenia": 30824996.87999999, "Guatemala": 8000.0, "Bosnia and Herzegovina": 37529611.13000001, "Germany": 996279396.3399982, "Spain": 468152398.0899996, "Netherlands": 494174608.24000007, "Pakistan": 33840141.25, "Tanzania": 335849.33, "Greenland": 42111944.0, "Gabon": 1720000.0, "Finland": 131332381.66999999, "New Zealand": 119314.88, "Yemen": 940042.39, "Jamaica": 4465000.0, "Albania": 18128612.06, "Macau": 99748.25, "United Arab Emirates": 1500.0, "India": 892136.04, "Azerbaijan": 412115.0, "Kenya": 10396793.82, "South Korea": 70395.0, "Tajikistan": 3478644.8700000006, "Congo (Democratic Republic of)": 2708449.7, "Turkey": 74003520.56000002, "Afghanistan": 39718517.88000001, "Bangladesh": 2471063.5799999996, "Solomon Islands": 400000.0, "San Marino": 3200.0, "Mongolia": 266126.82, "France": 1180186960.9600008, "Rwanda": 588436.0700000001, "Slovakia": 23657561.749999996, "Peru": 17165000.0, "Laos": 2616296.0500000003, "Norway": 64007241.029999994, "Malawi": 2438355.1500000004, "Cuba": 39369.22, "China": 29949008.569999997, "Armenia": 7415199.0, "Ukraine": 10213592.82, "Cayman Islands": 60500.0, "missing": 155584683.61999983, "Macedonia (the former Yugoslav Republic of)": 3000299.74, "Indonesia": 1523631.72, "Mauritius": 11649500.0, "Liechtenstein": 1078486.0, "Belarus": 2021313.0, "Vatican City": 48332.97, "Russia": 20031040.17, "Bulgaria": 156407592.66000003, "United States": 282032699.65, "Romania": 361010842.0300002, "Angola": 1151873.18, "Chad": 910721.18, "South Africa": 4592057.0, "Cyprus": 14955725.419999996, "Sweden": 214173965.08000004, "Malaysia": 685802.86, "Austria": 264954392.4299999, "Vietnam": 17041387.93, "Mozambique": 2853775.96, "Uganda": 134743.53, "Hungary": 56049173.96000003, "Niger": 6000002.0, "Brazil": 571608.05, "Guinea": 4800000.0, "Guyana": 4900000.0, "Costa Rica": 333249.27, "Luxembourg": 433143512.95, "Ireland": 100979450.22000003, "Nigeria": 830788.36, "Czech Republic": 46461938.139999986, "Australia": 368521.94, "Algeria": 100923.09, "El Salvador": 120000.0, "Serbia (Republic of)": 52625647.39999998, "Chile": 1504677.08, "Belgium": 836435814.8899987, "Kiribati": 478400.0, "Haiti": 1241140.92, "Belize": 2260676.63, "Hong Kong": 7322.0, "Sierra Leone": 2069677.0, "Occupied Territories - Palestine": 25195336.789999995, "Georgia": 8917394.829999998, "Montenegro (Republic of)": 72498.0, "Denmark": 208858792.74000004, "Philippines": 15180718.200000001, "Moldova": 60619826.14, "Morocco": 56555078.94, "Croatia": 6994622.49, "Micronesia": 657000.0, "Thailand": 3202706.54, "Namibia": 786072.0, "Seychelles": 4125000.0, "Portugal": 167156528.7, "Estonia": 23139902.009999998, "Uruguay": 593015.0, "Lebanon": 16118008.38, "Uzbekistan": 128578.45, "Tunisia": 67449150.0, "Colombia": 496850.0, "Burundi": 1136286.0100000002, "Taiwan": 1500.0, "Fiji": 59300.0, "Madagascar": 8180435.25, "Italy": 779794260.2499985, "Bhutan": 377562.0, "Sudan": 939845.96, "Nepal": 3023228.55, "Malta": 11075170.840000002, "Venezuela": 5088157.940000001, "Netherlands Antilles": 3945.0, "Israel": 109356717.44, 