{
    "": 49727.0, 
    "Directorate-General for Education and Culture": 1544700134.9999998, 
    "Trans-European Transport Network Executive Agency": 1223537669.1399999, 
    "Bureau of European Policy Advisers": 1510162.0599999998, 
    "Education, Audiovisual and Culture Executive Agency": 738524449.2100002, 
    "Directorate-General for the Internal Market and Services": 21128353.820000008, 
    "Office for the Administration and Payment of Individual Entitlements": 12872042.490000006, 
    "Directorate-General for the Budget": 12297058.079999998, 
    "Eurostat": 58638568.83999999, 
    "Legal Service": 4810475.3, 
    "Joint Research Centre": 206937916.4200002, 
    "Research Executive Agency": 1426397342.730021, 
    "Directorate-General for Research and Innovation": 5407781946.970009, 
    "European Communities Personnel Selection Office": 12859254.84, 
    "Service for Foreign Policy Instruments": 158669229.64, 
    "Internal Audit Service": 416793.65, 
    "Directorate-General for Health and Consumers": 47142437.98000004, 
    "missing": 4061444184.4000034, 
    "Directorate-General for Communication": 122753885.01999976, 
    "Directorate-General for Enlargement": 481553284.9100004, 
    "Directorate-General for Energy": 227941590.85000005, 
    "European Research Council Executive Agency": 1425990976.4399989, 
    "Directorate-General for Development and Cooperation \u0097 EuropeAid": 2737661878.2599993, 
    "Executive Agency for Competitiveness and Innovation": 211700334.27000007, 
    "Directorate-General for the Environment": 330433834.24, 
    "Publications Office of the European Union": 59805508.570000015, 
    "Directorate-General for Enterprise and Industry": 282774994.58000016, 
    "Directorate-General for Mobility and Transport": 57959049.030000016, 
    "Directorate-General for Humanitarian Aid and Civil Protection (ECHO)": 590443726.9499997, 
    "Directorate-General for Economic and Financial Affairs": 19124772.770000007, 
    "Directorate-General for Competition": 6197819.9799999995, 
    "Directorate-General for Home Affairs": 224426721.95000008, 
    "Directorate-General for Informatics": 167956326.40999994, 
    "Directorate-General for Maritime Affairs and Fisheries": 27832123.37999999, 
    "Directorate-General for Interpretation": 12512813.149999997, 
    "Directorate-General for Translation": 17868930.41, 
    "Directorate-General for Climate Action": 19544612.839999992, 
    "Office for Infrastructure and Logistics in Luxembourg": 85536082.06999996, 
    "Directorate-General for Taxation and Customs Union": 92192860.88999997, 
    "Directorate-General for Regional Policy": 67297743.55999997, 
    "Office for Infrastructure and Logistics in Brussels": 23816539.69999998, 
    "Responsible Department": 0, 
    "Directorate-General for Justice": 123636733.58, 
    "Secretariat-General": 12747235.730000006, 
    "Directorate-General for Trade": 10730542.249999998, 
    "European Anti-Fraud Office": 35875258.04000002, 
    "Directorate-General for Agriculture and Rural Development": 59340353.76999997, 
    "Directorate-General for Human Resources and Security": 253926909.44999993, 
    "Executive Agency for Health and Consumers": 71904481.80999991, 
    "Directorate-General for the Information Society and Media": 1370734273.8799996, 
    "Directorate-General for Employment, Social Affairs and Inclusion": 139257133.41000012
}