{
    "": 0.0, 
    "Canada": 27433843.750000004, 
    "Lithuania": 118932320.6799999, 
    "Cambodia": 4486412.66, 
    "Ethiopia": 6730891.4, 
    "Swaziland": 8478131.05, 
    "Argentina": 4552204.04, 
    "Bolivia": 54573668.730000004, 
    "Cameroon": 6440006.41, 
    "Burkina Faso": 2999614.93, 
    "Ghana": 5253028.92, 
    "Saudi Arabia": 0.0, 
    "Cape Verde": 19144.44, 
    "Slovenia": 98418690.20000003, 
    "Guatemala": 5206878.709999999, 
    "Bosnia and Herzegovina": 40972886.43999998, 
    "Germany": 2798376632.430005, 
    "Spain": 2878483972.810001, 
    "Liberia": 221774.0, 
    "Netherlands": 1225550306.9500022, 
    "Tanzania": 3138144.0, 
    "Albania": 19911348.81, 
    "Monaco": 0.0, 
    "New Zealand": 3151780.6, 
    "Yemen": 5915993.390000001, 
    "Pakistan": 73204374.78, 
    "Greenland": 28690550.0, 
    "Samoa": 3000000.0, 
    "Macau": 760280.0, 
    "United Arab Emirates": 132565.0, 
    "India": 24271830.41, 
    "Azerbaijan": 2895704.43, 
    "Lesotho": 363873.41, 
    "Kenya": 13806003.86, 
    "South Korea": 11364456.719999999, 
    "Tajikistan": 243000.0, 
    "Congo (Democratic Republic of)": 3661100.0, 
    "Turkey": 194700387.75000012, 
    "Afghanistan": 20704941.589999996, 
    "Bangladesh": 67995885.32, 
    "Solomon Islands": 581012.5, 
    "Hungary": 222845151.87000003, 
    "San Marino": 10020.0, 
    "French Polynesia": 250000.0, 
    "France": 2135620314.4700012, 
    "Rwanda": 655645.4099999999, 
    "Slovakia": 63958704.11999997, 
    "Peru": 8310022.8100000005, 
    "Laos": 294471.09, 
    "Nigeria": 827828.27, 
    "Norway": 228975038.3099999, 
    "Malawi": 695787.4299999999, 
    "Benin": 1203754.45, 
    "Cuba": 312210.0, 
    "Saint Kitts and Nevis": 12717000.0, 
    "Togo": 993073.0, 
    "China": 26562148.740000002, 
    "Armenia": 28926473.44, 
    "Dominican Republic": 3211731.31, 
    "Mongolia": 15000.0, 
    "Ukraine": 15800993.209999995, 
    "Finland": 307170711.17999977, 
    "Libya": 158948.5, 
    "Macedonia (the former Yugoslav Republic of)": 14173607.259999996, 
    "Indonesia": 6462456.95, 
    "Central African Republic": 391153.0, 
    "Mauritius": 58726749.09, 
    "Liechtenstein": 1666568.7699999998, 
    "Belarus": 3453642.3499999996, 
    "Mali": 222000.0, 
    "Vatican City": 2100.0, 
    "Russia": 33259243.569999997, 
    "Bulgaria": 66950799.08999998, 
    "United States": 104258334.94999994, 
    "Romania": 128734855.12, 
    "Angola": 564501.6, 
    "Cayman Islands": 0.0, 
    "South Africa": 223268036.89999998, 
    "Cyprus": 29833161.600000013, 
    "Sweden": 484541461.0200001, 
    "Qatar": 2292083.21, 
    "Malaysia": 4346847.5200000005, 
    "Austria": 684489053.5900015, 
    "Vietnam": 48061889.34, 
    "Mozambique": 2520009.3600000003, 
    "Uganda": 2919320.12, 
    "Japan": 8605872.69, 
    "Niger": 2114391.9299999997, 
    "Brazil": 14101980.72, 
    "Panama": 212736.0, 
    "Costa Rica": 2739353.9, 
    "Luxembourg": 761546038.2299987, 
    "Gibraltar": 0.0, 
    "Ireland": 288860485.05000013, 
    "Faeroe Islands": 1620655.8, 
    "Ecuador": 4390922.54, 
    "Czech Republic": 153101489.56000003, 
    "Brunei": 653.0, 
    "Australia": 8629378.969999999, 
    "Iran": 3338073.0, 
    "Algeria": 1107431.45, 
    "El Salvador": 5345394.98, 
    "Serbia (Republic of)": 80393544.22000009, 
    "Marshall Islands": 48700.0, 
    "Chile": 7703266.92, 
    "Belgium": 2830181436.290008, 
    "Thailand": 13856124.229999999, 
    "Haiti": 2191161.73, 
    "Belize": 250000.0, 
    "Hong Kong": 127108.0, 
    "Sierra Leone": 1727435.14, 
    "Occupied Territories - Palestine": 154631334.58, 
    "Georgia": 38783934.27, 
    "Montenegro (Republic of)": 8505235.289999995, 
    "Denmark": 674635227.98, 
    "Philippines": 2342545.82, 
    "Moldova": 9014606.199999997, 
    "Portugal": 269099341.4700001, 
    "Morocco": 119564899.48, 
    "Croatia": 45980256.1, 
    "Micronesia": 50000.0, 
    "Guinea-Bissau": 2467014.05, 
    "Switzerland": 490392888.67999876, 
    "Seychelles": 2823.67, 
    "Chad": 2434641.59, 
    "Estonia": 59128393.959999986, 
    "Uruguay": 13125283.580000002, 
    "Lebanon": 5092411.24, 
    "Tunisia": 66758676.92, 
    "Antigua and Barbuda": 380002.54, 
    "Colombia": 19207487.729999997, 
    "Taiwan": 980311.36, 
    "Fiji": 1810000.0, 
    "Barbados": 3751937.1, 
    "Madagascar": 2224278.31, 
    "Italy": 1771624738.2299974, 
    "Sudan": 4052005.14, 
    "Nepal": 2702420.39, 
    "Malta": 14455347.35, 
    "Anguilla": 266432.0, 
    "Venezuela": 3286524.3300000005, 
    "Israel": 177795896.0400002, 
    "Iceland": 35889142.970000006, 
    "Zambia": 2936281.33, 
    "Senegal": 4037892.9499999993, 
    "Papua New Guinea": 288000.0, 
    "Trinidad and Tobago": 1063214.0, 
    "Zimbabwe": 5772560.0, 
    "Jordan": 46626489.879999995, 
    "Kazakhstan": 933105.0, 
    "Poland": 291019383.85000056, 
    "Kyrgyzstan": 15930755.120000001, 
    "New Caledonia": 497604.0, 
    "Sri Lanka": 299700.0, 
    "Latvia": 40474463.56, 
    "South Sudan": 1448781.81, 
    "Guyana": 25027692.0, 
    "Honduras": 44148448.23, 
    "Myanmar": 799814.84, 
    "Mexico": 10114744.75, 
    "Egypt": 155627669.03000003, 
    "Nicaragua": 2619242.0, 
    "Singapore": 4549170.04, 
    "United Kingdom": 2241191735.9399986, 
    "Congo": 1117749.8900000001, 
    "Greece": 446948156.6000005, 
    "Paraguay": 31942224.56, 
    "Namibia": 1464072.38
}